[{"backupMemberKey":"member_7","photoAssetId":"7ae10010f9fa88a23f252b08d3db341056b986eae0e9ab7d4026091bfcacef0b","dateAdded":1771618276278,"description":"AI импорт: Снимок экрана 2026-01-15 212042.png","isProfilePhoto":false},{"backupMemberKey":"member_2","photoAssetId":"54fffa1e365f7834c41c96b370a7904cc028fe31221e20f41debc7099e085f1f","dateAdded":1771516358531,"description":"","isProfilePhoto":false},{"backupMemberKey":"member_2","photoAssetId":"4839baa9353ccc9f09f768681a0ad4b71db27990cae3160da4f8828db7502eba","dateAdded":1771516358531,"description":"","isProfilePhoto":false},{"backupMemberKey":"member_2","photoAssetId":"0fb26f38d695353dfca01b1e1522b933d282ff9fd6f8770dbfe59e0efda59069","dateAdded":1771516358531,"description":"","isProfilePhoto":false},{"backupMemberKey":"member_5","photoAssetId":"f9cb20eff9adc31c7760e8ed44290a06c9ebbcd1e0cb197b36b036e1d8f55940","dateAdded":1771516269467,"description":"","isProfilePhoto":false},{"backupMemberKey":"member_5","photoAssetId":"e7d360124b35d603be704ea7b7b36853a54b39de2589d5070907dd3f35940eda","dateAdded":1771516269467,"description":"","isProfilePhoto":false},{"backupMemberKey":"member_5","photoAssetId":"62f0f81456ee17c8162216b84c528e0cd19b964358904fb3b237ff7dc9e97d4a","dateAdded":1771516269467,"description":"","isProfilePhoto":false},{"backupMemberKey":"member_5","photoAssetId":"ae398ec3960df37dbedf5265bd09d0aff5ce45e5b3537d9bb84689e825d02746","dateAdded":1771516267891,"description":"","isProfilePhoto":false},{"backupMemberKey":"member_5","photoAssetId":"0cffab4b493bbedbe619ab6af8bbdaf7ca27fba69558421b92e349e4793fc3f3","dateAdded":1771516267891,"description":"","isProfilePhoto":false},{"backupMemberKey":"member_5","photoAssetId":"e35d54fbf9bf69ad2c84c314a82724eec111528c521ddc3710ab1b45e7c1099d","dateAdded":1771516267891,"description":"","isProfilePhoto":false},{"backupMemberKey":"member_2","photoAssetId":"04e743384dea9c877da714ef717372b8be8131eaec59f0fa7c89f8339214869f","dateAdded":1771515517224,"description":"","isProfilePhoto":false},{"backupMemberKey":"member_2","photoAssetId":"1817bddae6a84dbd0a9f378606e7721fa526efe73833c1a795cb7a5a284b18d7","dateAdded":1771515517224,"description":"","isProfilePhoto":false},{"backupMemberKey":"member_2","photoAssetId":"fc899583641b7166b0f2e3a7a8994da380aa5e285a2e333cc7e9a2d6f95532a4","dateAdded":1771515517224,"description":"","isProfilePhoto":false},{"backupMemberKey":"member_5","photoAssetId":"231158ef68de7037e6524b2439b932fb9a18d0223426322b65c89d525bfdd165","dateAdded":1771495470443,"description":"","isProfilePhoto":false},{"backupMemberKey":"member_5","photoAssetId":"e4be08aa9916267f429b813711c3edd7543736e836dc15597c4ef00f5bb6dc68","dateAdded":1771495470443,"description":"","isProfilePhoto":false},{"backupMemberKey":"member_5","photoAssetId":"08cbc863542b541af1e0623e1383c086e050a23bd041340864a632621d76b51e","dateAdded":1771495470443,"description":"","isProfilePhoto":false},{"backupMemberKey":"member_5","photoAssetId":"f9cb20eff9adc31c7760e8ed44290a06c9ebbcd1e0cb197b36b036e1d8f55940","dateAdded":1771495466513,"description":"","isProfilePhoto":false},{"backupMemberKey":"member_2","photoAssetId":"04e743384dea9c877da714ef717372b8be8131eaec59f0fa7c89f8339214869f","dateAdded":1771495459932,"description":"","isProfilePhoto":false},{"backupMemberKey":"member_2","photoAssetId":"04e743384dea9c877da714ef717372b8be8131eaec59f0fa7c89f8339214869f","dateAdded":1771495025012,"description":"","isProfilePhoto":false},{"backupMemberKey":"member_2","photoAssetId":"4b517528f03c07e3f11bd633ddb3cb7175c7247006eb8425bbddab70a0e1d930","dateAdded":1771495024813,"description":"","isProfilePhoto":false},{"backupMemberKey":"member_2","photoAssetId":"e6b3cde75edd9b005200ef9ff95d0796d03745457faf7e95424e59d6fa7c9b34","dateAdded":1771495024813,"description":"","isProfilePhoto":false},{"backupMemberKey":"member_2","photoAssetId":"9f72cc7c7a5a3c72f9f241bbd93a9e5d563ca51797c930a61e56bbba6aa75fe8","dateAdded":1771495024813,"description":"","isProfilePhoto":false},{"backupMemberKey":"member_5","photoAssetId":"231158ef68de7037e6524b2439b932fb9a18d0223426322b65c89d525bfdd165","dateAdded":1771495024353,"description":"","isProfilePhoto":false},{"backupMemberKey":"member_5","photoAssetId":"7bb5a2b829524d71c39a5b5a65d555197bdb9349658396c3765c983d5f07d98f","dateAdded":1771495022901,"description":"","isProfilePhoto":false},{"backupMemberKey":"member_5","photoAssetId":"0eba23312e48d8788bf0466c8fe8e9d1a79db2469a091429edaf73556fd415eb","dateAdded":1771495022901,"description":"","isProfilePhoto":false},{"backupMemberKey":"member_5","photoAssetId":"73cb9a54d8634f5fb19cadbff584830e3feb9f3484311113840f0ef2c68dae03","dateAdded":1771495022901,"description":"","isProfilePhoto":false},{"backupMemberKey":"member_5","photoAssetId":"d00da17b5bdd1b4a91f4d924828293570537640affbd66f42d8f6a6c5dd798cd","dateAdded":1771495021430,"description":"","isProfilePhoto":false},{"backupMemberKey":"member_5","photoAssetId":"c5e6439d8dcdbc51aabd6c88a837898afd68e7656e8915f955ce965d0f294743","dateAdded":1771495021430,"description":"","isProfilePhoto":false},{"backupMemberKey":"member_5","photoAssetId":"e25c914639a375069087934b299622980550bffd1a2176a9df7e585d729d8f5d","dateAdded":1771495021430,"description":"","isProfilePhoto":false},{"backupMemberKey":"member_5","photoAssetId":"f9cb20eff9adc31c7760e8ed44290a06c9ebbcd1e0cb197b36b036e1d8f55940","dateAdded":1771495019052,"description":"","isProfilePhoto":false},{"backupMemberKey":"member_5","photoAssetId":"ae398ec3960df37dbedf5265bd09d0aff5ce45e5b3537d9bb84689e825d02746","dateAdded":1771495017745,"description":"","isProfilePhoto":false},{"backupMemberKey":"member_5","photoAssetId":"aca195000c59af3af26fcc99e24967b262b77d0615030c22580d00a1ee364d6b","dateAdded":1771495016556,"description":"","isProfilePhoto":false},{"backupMemberKey":"member_5","photoAssetId":"1c0992e3e59a39ab686c39c5505a26aa9302da468487e0e0fa14a0860fdc1f92","dateAdded":1771495016556,"description":"","isProfilePhoto":false},{"backupMemberKey":"member_5","photoAssetId":"ac901b83baf2912a491040398e662bc6dd65459cbb1b524e67a0e6a1f008d7b8","dateAdded":1771495016556,"description":"","isProfilePhoto":false},{"backupMemberKey":"member_5","photoAssetId":"25bb988e16470e824511382c0c2ff9a356e25f14b227449413828f903d744e72","dateAdded":1771495015666,"description":"","isProfilePhoto":false},{"backupMemberKey":"member_5","photoAssetId":"37626b0d47023aa6977c210cf170b5f2e4ed650b324c9b728298d85b51e05af7","dateAdded":1771495015666,"description":"","isProfilePhoto":false},{"backupMemberKey":"member_5","photoAssetId":"1fd33d6d533adb53a683617d1944085e4b3653701865f28568fc25b2be9cdac7","dateAdded":1771495015666,"description":"","isProfilePhoto":false},{"backupMemberKey":"member_5","photoAssetId":"3fbba40f4256ff26ca908ace01035c2df22cd732cb42cced3dd1a5a6be40b8e8","dateAdded":1771394698539,"description":"","isProfilePhoto":false},{"backupMemberKey":"member_5","photoAssetId":"114f8c412957e50e62725ac9148c46df4bd3fdb60e0865b31fed509f885336d3","dateAdded":1771394698539,"description":"","isProfilePhoto":false},{"backupMemberKey":"member_5","photoAssetId":"482371215517641229ead410cadd7e3ded9daf36260beec2732dc4cc516e67f6","dateAdded":1771394698539,"description":"","isProfilePhoto":false},{"backupMemberKey":"member_5","photoAssetId":"204d21a59557b53c00f1756889ae050c20738c380054f57871f15dad66795c9d","dateAdded":1771394678492,"description":"","isProfilePhoto":false},{"backupMemberKey":"member_5","photoAssetId":"742083b5966f0aaf0725d9f64e65bea9b3cc44d7221413536a64f8aa8bdf214a","dateAdded":1771394678492,"description":"","isProfilePhoto":false},{"backupMemberKey":"member_5","photoAssetId":"714ab7952cb6a43cd9aaa576a87c91a61724963761ad0bd4c603453c3b5b1902","dateAdded":1771394678492,"description":"","isProfilePhoto":false},{"backupMemberKey":"member_5","photoAssetId":"890c740ebdf26222ace9af3a0319ef1997fbffa1e76198ee6a4b61ed49d56dbf","dateAdded":1771394012519,"description":"","isProfilePhoto":false},{"backupMemberKey":"member_5","photoAssetId":"251e030f5b7beaa2fc1d0c4275b938b1cd27e64989b12e972ede2606a9bc97a0","dateAdded":1771394012519,"description":"","isProfilePhoto":false},{"backupMemberKey":"member_5","photoAssetId":"586c85aee893cbaa3293086f089c745242443949a134730b112ca5c5ae5ffa03","dateAdded":1771394012519,"description":"","isProfilePhoto":false},{"backupMemberKey":"member_5","photoAssetId":"9cd93ccb935ff909404fd3d14ad4fe6f03ed70d61414be62b257bd61d488d12b","dateAdded":1771393962813,"description":"","isProfilePhoto":false},{"backupMemberKey":"member_5","photoAssetId":"f47a438ec853846c7fdc5f42e4f080e30187537e49870809c17d9b5111c00dac","dateAdded":1771393962813,"description":"","isProfilePhoto":false},{"backupMemberKey":"member_5","photoAssetId":"cd6a51d2d49484f82ac940cb7b42033c75028a196d50352b01d1c8ea3775b465","dateAdded":1771393962813,"description":"","isProfilePhoto":false},{"backupMemberKey":"member_5","photoAssetId":"fd70cd12ad54fc16c73134211c3ffa1a11d63c20c3f4a657d158cb4934f485e2","dateAdded":1771386655008,"description":"","isProfilePhoto":false},{"backupMemberKey":"member_5","photoAssetId":"54ee0dab9909c25efc408d992434065580a3120bf305ef907568ebd690536860","dateAdded":1771386655008,"description":"","isProfilePhoto":false},{"backupMemberKey":"member_5","photoAssetId":"b6ad08c8e880a390195bd687e667ae4d2bd7c21d6eb137140f06589e107d4aa4","dateAdded":1771386655008,"description":"","isProfilePhoto":false},{"backupMemberKey":"member_5","photoAssetId":"231158ef68de7037e6524b2439b932fb9a18d0223426322b65c89d525bfdd165","dateAdded":1771386598703,"description":"","isProfilePhoto":false},{"backupMemberKey":"member_6","photoAssetId":"b8977199452ead0982ee62fb8949efa039f94c73763aa97f640b4755aee43f4a","dateAdded":1771261003584,"description":"","isProfilePhoto":false},{"backupMemberKey":"member_6","photoAssetId":"b7b370eeb410cad9f709951664c6c1975c87d47284bc5f912f2e04ec6b255157","dateAdded":1771261003584,"description":"","isProfilePhoto":false},{"backupMemberKey":"member_6","photoAssetId":"7643b5e2d5c869a05439196fb393b8591cbbaf5af7c2572cf9143a1f3a25d4f5","dateAdded":1771261003584,"description":"","isProfilePhoto":false},{"backupMemberKey":"member_6","photoAssetId":"75c56e59cbbf48be228bf8009aeaac8c38899a05b7bd03d3b6a4e4f969a533b9","dateAdded":1771260949736,"description":"","isProfilePhoto":false},{"backupMemberKey":"member_6","photoAssetId":"a98dc16d5e8296787db1461cc647477d040b16b48f8e700df3877db698c34b2a","dateAdded":1771260949736,"description":"","isProfilePhoto":false},{"backupMemberKey":"member_6","photoAssetId":"fee2146201838824e3e9765f9648de82ab8b32fd7b63282bbf0234936ba45b7a","dateAdded":1771260949736,"description":"","isProfilePhoto":false},{"backupMemberKey":"member_6","photoAssetId":"7104883fc5cc324ba7318485ae686477d834ff5f05e34f2f646ac23e656f7161","dateAdded":1771260940550,"description":"","isProfilePhoto":false},{"backupMemberKey":"member_6","photoAssetId":"7b87298f7de60505a6e4d63fe19c4f2f0c690be98878130432f25ef0eebe793f","dateAdded":1771260940550,"description":"","isProfilePhoto":false},{"backupMemberKey":"member_6","photoAssetId":"63604ed1adb138a5fe1e1a41d5c0372ba72e80db9bb247227f904d0b42fbbfcf","dateAdded":1771260940550,"description":"","isProfilePhoto":false},{"backupMemberKey":"member_6","photoAssetId":"1040b5df8c1cde830305eddf697b22cc5e7128ca6145acd9d6332e4ed56731ac","dateAdded":1771260929056,"description":"","isProfilePhoto":false},{"backupMemberKey":"member_6","photoAssetId":"396ee8e7acecfa0e4c2bd7a432d54e0761d011dfa76d7698c41f6d3ef532b80a","dateAdded":1771260929056,"description":"","isProfilePhoto":false},{"backupMemberKey":"member_6","photoAssetId":"c8d73e5111f9fd8796ec1a285f00714ec8b674ce92a20bf14d8b2ed1f7e06954","dateAdded":1771260929056,"description":"","isProfilePhoto":false},{"backupMemberKey":"member_5","photoAssetId":"41b2090aec15987f384b92472f1313056b22d47524fd162519ccb0372f05907f","dateAdded":1771249013769,"description":"","isProfilePhoto":false},{"backupMemberKey":"member_5","photoAssetId":"31278d83e00119994a16591a006a4adcf48dc0f07621714a9fc3ba11a625f20f","dateAdded":1771249013769,"description":"","isProfilePhoto":false},{"backupMemberKey":"member_5","photoAssetId":"ae00e188732cb8b9c592a0462094c554981524db2ed29e7c8e99c45c098c330d","dateAdded":1771249013769,"description":"","isProfilePhoto":false},{"backupMemberKey":"member_5","photoAssetId":"fb2790b3656722afdd3a9fb19b332a3abdf6516e860874d431e03d50be417880","dateAdded":1771248995449,"description":"","isProfilePhoto":false},{"backupMemberKey":"member_5","photoAssetId":"d63d0f72f0d8e068e0ec7c37ecedd05ff362fe7011ff8eaf1fd10f93d15e016e","dateAdded":1771248995449,"description":"","isProfilePhoto":false},{"backupMemberKey":"member_5","photoAssetId":"378b65c2878e5be2e922fe9a2db9f0131147d06b5c203a8326f6360badd85cb0","dateAdded":1771248995449,"description":"","isProfilePhoto":false},{"backupMemberKey":"member_5","photoAssetId":"493b41308072c7df1fde98303df8aa18e1fc0112e83d8e49b0106bcca1ca3471","dateAdded":1771236091250,"description":"","isProfilePhoto":false},{"backupMemberKey":"member_5","photoAssetId":"eb756ea5c3303a5cc334f15c10f19f1722fcbe2629fe6af42e774210897e431d","dateAdded":1771236091250,"description":"","isProfilePhoto":false},{"backupMemberKey":"member_5","photoAssetId":"7f0199865236d1438aba0c83c8a0d4a0a2668a20ad29b0a18b2b64702a8515bc","dateAdded":1771236091250,"description":"","isProfilePhoto":false},{"backupMemberKey":"member_5","photoAssetId":"231158ef68de7037e6524b2439b932fb9a18d0223426322b65c89d525bfdd165","dateAdded":1771235955467,"description":"","isProfilePhoto":false},{"backupMemberKey":"member_2","photoAssetId":"04e743384dea9c877da714ef717372b8be8131eaec59f0fa7c89f8339214869f","dateAdded":1771219204270,"description":"","isProfilePhoto":false},{"backupMemberKey":"member_2","photoAssetId":"04e743384dea9c877da714ef717372b8be8131eaec59f0fa7c89f8339214869f","dateAdded":1771086902401,"description":"","isProfilePhoto":false},{"backupMemberKey":"member_2","photoAssetId":"04e743384dea9c877da714ef717372b8be8131eaec59f0fa7c89f8339214869f","dateAdded":1771086157524,"description":"","isProfilePhoto":false}]