[
  {
    "backupMemberKey": "member_5",
    "photoAssetId": "901a3d79653a1ebfbe21deeebd80bd16127fb7f6c87a8f747c9268060004f941",
    "dateAdded": 1771618276278,
    "description": "AI импорт: Снимок экрана 2026-01-15 212042.png",
    "isProfilePhoto": false
  },
  {
    "backupMemberKey": "member_4",
    "photoAssetId": "1b69871934d0a42053fc18147c20e58dca6f6ce2625e054b19406f038f0c359f",
    "dateAdded": 1771516358531,
    "description": "",
    "isProfilePhoto": false
  },
  {
    "backupMemberKey": "member_3",
    "photoAssetId": "cef54100a0cad827b2a044562fcaed14677b97b80c1fc7ec9768a08675b7ad9d",
    "dateAdded": 1771516269467,
    "description": "",
    "isProfilePhoto": false
  },
  {
    "backupMemberKey": "member_3",
    "photoAssetId": "a15854e01cae8aee25f7d0328f0eea7139309209b333108a48e45a01b3acd273",
    "dateAdded": 1771516267891,
    "description": "",
    "isProfilePhoto": false
  },
  {
    "backupMemberKey": "member_4",
    "photoAssetId": "18ca8038042859dd625e29480df2e023db51947eb488739acd28a169ac1cacc8",
    "dateAdded": 1771515517224,
    "description": "",
    "isProfilePhoto": false
  },
  {
    "backupMemberKey": "member_3",
    "photoAssetId": "b471e1a4d35927fb61e65055616a7b662006ffc5394b1ec5f3c9a58094226eff",
    "dateAdded": 1771495470443,
    "description": "",
    "isProfilePhoto": false
  },
  {
    "backupMemberKey": "member_4",
    "photoAssetId": "5cea78f88d768797716e0844fedabebe26ad50a4b1dac921aa4a18a7e1250798",
    "dateAdded": 1771495024813,
    "description": "",
    "isProfilePhoto": false
  },
  {
    "backupMemberKey": "member_3",
    "photoAssetId": "5711f0f8d5161bfaa3d8cbd039d30d1cca2cab3532f8b8720d79b8318be0d8f7",
    "dateAdded": 1771495022901,
    "description": "",
    "isProfilePhoto": false
  },
  {
    "backupMemberKey": "member_3",
    "photoAssetId": "23105a9c0fc3c13288a7447a8327ff8c87c0c74862297ec839644e71077edf2e",
    "dateAdded": 1771495021430,
    "description": "",
    "isProfilePhoto": false
  },
  {
    "backupMemberKey": "member_3",
    "photoAssetId": "11b0e2f6d71be123af262186f7976fac9c48f1fce72b3a23d69f7eca77cf3a61",
    "dateAdded": 1771495016556,
    "description": "",
    "isProfilePhoto": false
  },
  {
    "backupMemberKey": "member_3",
    "photoAssetId": "d55ce93f873cfc9eb591da5434075333d4dd89dc235971683d5fae78e33b60ac",
    "dateAdded": 1771495015666,
    "description": "",
    "isProfilePhoto": false
  },
  {
    "backupMemberKey": "member_3",
    "photoAssetId": "b0df9f2cbd7bbae4fa0c1ab860ce1c8ed454d8de831ceccec5bcfa3ffb1f5cb7",
    "dateAdded": 1771394698539,
    "description": "",
    "isProfilePhoto": false
  },
  {
    "backupMemberKey": "member_3",
    "photoAssetId": "e6d9168c4d0733c8808b31a13924a7af078d719dd827365e53c23bd7d5ef0530",
    "dateAdded": 1771394678492,
    "description": "",
    "isProfilePhoto": false
  },
  {
    "backupMemberKey": "member_3",
    "photoAssetId": "eeed48e4ff48f01285bbb7513677c380bcbe1f74ab3584997838e034f1535f59",
    "dateAdded": 1771394012519,
    "description": "",
    "isProfilePhoto": false
  },
  {
    "backupMemberKey": "member_3",
    "photoAssetId": "b52a8e270bd37ac2a7c2958851a5b2b65502dc13ca15f7da1683bf5a0b342a43",
    "dateAdded": 1771393962813,
    "description": "",
    "isProfilePhoto": false
  },
  {
    "backupMemberKey": "member_3",
    "photoAssetId": "b5b74c8bd861a24eb232c90837db77900b7d18835ce659d24ebdc23e3a675a8a",
    "dateAdded": 1771386655008,
    "description": "",
    "isProfilePhoto": false
  },
  {
    "backupMemberKey": "member_1",
    "photoAssetId": "4bfda6fbfad1f01345ac368a59002daec8f3eeb4afa779c88d4f5afbafaa43d7",
    "dateAdded": 1771261003584,
    "description": "",
    "isProfilePhoto": false
  },
  {
    "backupMemberKey": "member_1",
    "photoAssetId": "50a47ec7b102fc3c6295d60d6e6c66a068c4f20bcb9287747966dca059dafa91",
    "dateAdded": 1771260949736,
    "description": "",
    "isProfilePhoto": false
  },
  {
    "backupMemberKey": "member_1",
    "photoAssetId": "e536aaea5cc12e9f686f734d333b6525088ae09ccb2e032ee7c8d8075c12a3fc",
    "dateAdded": 1771260940550,
    "description": "",
    "isProfilePhoto": false
  },
  {
    "backupMemberKey": "member_1",
    "photoAssetId": "0334a421d84c9a87c1c8583991cd8b9ba232603a6e971794d8a20fcde713d627",
    "dateAdded": 1771260929056,
    "description": "",
    "isProfilePhoto": false
  },
  {
    "backupMemberKey": "member_3",
    "photoAssetId": "280aeaf38bea3ae45e49af1211a699ad299dbad294be78418ffec9967df7da95",
    "dateAdded": 1771249013769,
    "description": "",
    "isProfilePhoto": false
  },
  {
    "backupMemberKey": "member_3",
    "photoAssetId": "9ad4f7ad91cd3ce792bc345855f2caaf2bb1ecf520597735a98756bf18ccb8b0",
    "dateAdded": 1771248995449,
    "description": "",
    "isProfilePhoto": false
  },
  {
    "backupMemberKey": "member_3",
    "photoAssetId": "f95a439283c24519201d42cb5a8abf99403ff7b185636fdfb20b6707466a70a0",
    "dateAdded": 1771236091250,
    "description": "",
    "isProfilePhoto": false
  }
]