[{"backupMemberKey":"member_2","photoAssetId":"54fffa1e365f7834c41c96b370a7904cc028fe31221e20f41debc7099e085f1f","dateAdded":1771516358531,"description":"","isProfilePhoto":false},{"backupMemberKey":"member_5","photoAssetId":"f9cb20eff9adc31c7760e8ed44290a06c9ebbcd1e0cb197b36b036e1d8f55940","dateAdded":1771516269467,"description":"","isProfilePhoto":false},{"backupMemberKey":"member_5","photoAssetId":"ae398ec3960df37dbedf5265bd09d0aff5ce45e5b3537d9bb84689e825d02746","dateAdded":1771516267891,"description":"","isProfilePhoto":false},{"backupMemberKey":"member_2","photoAssetId":"04e743384dea9c877da714ef717372b8be8131eaec59f0fa7c89f8339214869f","dateAdded":1771515517224,"description":"","isProfilePhoto":false},{"backupMemberKey":"member_5","photoAssetId":"231158ef68de7037e6524b2439b932fb9a18d0223426322b65c89d525bfdd165","dateAdded":1771495470443,"description":"","isProfilePhoto":false},{"backupMemberKey":"member_5","photoAssetId":"f9cb20eff9adc31c7760e8ed44290a06c9ebbcd1e0cb197b36b036e1d8f55940","dateAdded":1771495466513,"description":"","isProfilePhoto":false},{"backupMemberKey":"member_2","photoAssetId":"04e743384dea9c877da714ef717372b8be8131eaec59f0fa7c89f8339214869f","dateAdded":1771495459932,"description":"","isProfilePhoto":false},{"backupMemberKey":"member_2","photoAssetId":"04e743384dea9c877da714ef717372b8be8131eaec59f0fa7c89f8339214869f","dateAdded":1771495025012,"description":"","isProfilePhoto":false},{"backupMemberKey":"member_2","photoAssetId":"4b517528f03c07e3f11bd633ddb3cb7175c7247006eb8425bbddab70a0e1d930","dateAdded":1771495024813,"description":"","isProfilePhoto":false},{"backupMemberKey":"member_5","photoAssetId":"231158ef68de7037e6524b2439b932fb9a18d0223426322b65c89d525bfdd165","dateAdded":1771495024353,"description":"","isProfilePhoto":false},{"backupMemberKey":"member_5","photoAssetId":"7bb5a2b829524d71c39a5b5a65d555197bdb9349658396c3765c983d5f07d98f","dateAdded":1771495022901,"description":"","isProfilePhoto":false},{"backupMemberKey":"member_5","photoAssetId":"d00da17b5bdd1b4a91f4d924828293570537640affbd66f42d8f6a6c5dd798cd","dateAdded":1771495021430,"description":"","isProfilePhoto":false},{"backupMemberKey":"member_5","photoAssetId":"f9cb20eff9adc31c7760e8ed44290a06c9ebbcd1e0cb197b36b036e1d8f55940","dateAdded":1771495019052,"description":"","isProfilePhoto":false},{"backupMemberKey":"member_5","photoAssetId":"ae398ec3960df37dbedf5265bd09d0aff5ce45e5b3537d9bb84689e825d02746","dateAdded":1771495017745,"description":"","isProfilePhoto":false},{"backupMemberKey":"member_5","photoAssetId":"aca195000c59af3af26fcc99e24967b262b77d0615030c22580d00a1ee364d6b","dateAdded":1771495016556,"description":"","isProfilePhoto":false},{"backupMemberKey":"member_5","photoAssetId":"25bb988e16470e824511382c0c2ff9a356e25f14b227449413828f903d744e72","dateAdded":1771495015666,"description":"","isProfilePhoto":false},{"backupMemberKey":"member_5","photoAssetId":"3fbba40f4256ff26ca908ace01035c2df22cd732cb42cced3dd1a5a6be40b8e8","dateAdded":1771394698539,"description":"","isProfilePhoto":false},{"backupMemberKey":"member_5","photoAssetId":"204d21a59557b53c00f1756889ae050c20738c380054f57871f15dad66795c9d","dateAdded":1771394678492,"description":"","isProfilePhoto":false},{"backupMemberKey":"member_5","photoAssetId":"890c740ebdf26222ace9af3a0319ef1997fbffa1e76198ee6a4b61ed49d56dbf","dateAdded":1771394012519,"description":"","isProfilePhoto":false},{"backupMemberKey":"member_5","photoAssetId":"9cd93ccb935ff909404fd3d14ad4fe6f03ed70d61414be62b257bd61d488d12b","dateAdded":1771393962813,"description":"","isProfilePhoto":false},{"backupMemberKey":"member_5","photoAssetId":"fd70cd12ad54fc16c73134211c3ffa1a11d63c20c3f4a657d158cb4934f485e2","dateAdded":1771386655008,"description":"","isProfilePhoto":false},{"backupMemberKey":"member_5","photoAssetId":"231158ef68de7037e6524b2439b932fb9a18d0223426322b65c89d525bfdd165","dateAdded":1771386598703,"description":"","isProfilePhoto":false},{"backupMemberKey":"member_6","photoAssetId":"b8977199452ead0982ee62fb8949efa039f94c73763aa97f640b4755aee43f4a","dateAdded":1771261003584,"description":"","isProfilePhoto":false},{"backupMemberKey":"member_6","photoAssetId":"75c56e59cbbf48be228bf8009aeaac8c38899a05b7bd03d3b6a4e4f969a533b9","dateAdded":1771260949736,"description":"","isProfilePhoto":false},{"backupMemberKey":"member_6","photoAssetId":"7104883fc5cc324ba7318485ae686477d834ff5f05e34f2f646ac23e656f7161","dateAdded":1771260940550,"description":"","isProfilePhoto":false},{"backupMemberKey":"member_6","photoAssetId":"1040b5df8c1cde830305eddf697b22cc5e7128ca6145acd9d6332e4ed56731ac","dateAdded":1771260929056,"description":"","isProfilePhoto":false},{"backupMemberKey":"member_5","photoAssetId":"41b2090aec15987f384b92472f1313056b22d47524fd162519ccb0372f05907f","dateAdded":1771249013769,"description":"","isProfilePhoto":false},{"backupMemberKey":"member_5","photoAssetId":"fb2790b3656722afdd3a9fb19b332a3abdf6516e860874d431e03d50be417880","dateAdded":1771248995449,"description":"","isProfilePhoto":false},{"backupMemberKey":"member_5","photoAssetId":"493b41308072c7df1fde98303df8aa18e1fc0112e83d8e49b0106bcca1ca3471","dateAdded":1771236091250,"description":"","isProfilePhoto":false},{"backupMemberKey":"member_5","photoAssetId":"231158ef68de7037e6524b2439b932fb9a18d0223426322b65c89d525bfdd165","dateAdded":1771235955467,"description":"","isProfilePhoto":false},{"backupMemberKey":"member_2","photoAssetId":"04e743384dea9c877da714ef717372b8be8131eaec59f0fa7c89f8339214869f","dateAdded":1771219204270,"description":"","isProfilePhoto":false},{"backupMemberKey":"member_2","photoAssetId":"04e743384dea9c877da714ef717372b8be8131eaec59f0fa7c89f8339214869f","dateAdded":1771086902401,"description":"","isProfilePhoto":false},{"backupMemberKey":"member_2","photoAssetId":"04e743384dea9c877da714ef717372b8be8131eaec59f0fa7c89f8339214869f","dateAdded":1771086157524,"description":"","isProfilePhoto":false}]